<?xml version="1.0" encoding="UTF-8" ?>
<!DOCTYPE xml>
<bands>
	<band>
		<name>Pink Floyd</name>
		<city>London</city>
		<country>England</country>
		<yearFormed>1965</yearFormed>
		<genres>Progressive rock</genres>
		<genres>psychedelic rock</genres>
		<genres>art rock</genres>
	</band>
	<band>
		<name>Morphine</name>
		<country>USA</country>
		<city>Boston</city>
		<genres>Alternative rock</genres>
		<genres>experimental rock</genres>
		<genres>jazz rock</genres>
	</band>
	<band>
		<name>Vitamin String Quartet</name>
		<country>USA</country>
		<city>Los Angeles</city>
		<genres>Rock</genres>
		<genres>Pop</genres>
		<genres>Instrumental</genres>
	</band>
</bands>	
