
{
 "resultCount":50,
 "results": [
{"wrapperType":"track", "kind":"music-video", "artistId":909253, "collectionId":292171691, "trackId":292171784, "artistName":"Jack Johnson", "collectionName":"Sleep Through the Static: Remixed", "trackName":"Sleep Through the Static / I Love You and Buddha Too", "collectionCensoredName":"Sleep Through the Static: Remixed", "trackCensoredName":"Sleep Through the Static / I Love You and Buddha Too (Live from the Solar Powered Plastic Plant)", "artistViewUrl":"https://itunes.apple.com/us/artist/jack-johnson/id909253?uo=4", "collectionViewUrl":"https://itunes.apple.com/us/music-video/sleep-through-static-i-love/id292171784?uo=4", "trackViewUrl":"https://itunes.apple.com/us/music-video/sleep-through-static-i-love/id292171784?uo=4", "previewUrl":"http://a1338.phobos.apple.com/us/r1000/126/Video/92/c4/6a/mzm.spqepbdp..640x352.h264lc.u.p.m4v", "artworkUrl30":"http://is4.mzstatic.com/image/thumb/Video/v4/e0/57/fb/e057fb31-73b9-f79a-11ab-83757b653efb/source/30x30bb.jpg", "artworkUrl60":"http://is4.mzstatic.com/image/thumb/Video/v4/e0/57/fb/e057fb31-73b9-f79a-11ab-83757b653efb/source/60x60bb.jpg", "artworkUrl100":"http://is4.mzstatic.com/image/thumb/Video/v4/e0/57/fb/e057fb31-73b9-f79a-11ab-83757b653efb/source/100x100bb.jpg", "collectionPrice":7.99, "trackPrice":1.99, "releaseDate":"2008-09-23T07:00:00Z", "collectionExplicitness":"notExplicit", "trackExplicitness":"notExplicit", "discCount":1, "discNumber":1, "trackCount":10, "trackNumber":8, "trackTimeMillis":220260, "country":"USA", "currency":"USD", "primaryGenreName":"Rock"}, 
{"wrapperType":"track", "kind":"music-video", "artistId":909253, "trackId":371852796, "artistName":"Jack Johnson", "trackName":"You And Your Heart", "trackCensoredName":"You And Your Heart", "artistViewUrl":"https://itunes.apple.com/us/artist/jack-johnson/id909253?uo=4", "trackViewUrl":"https://itunes.apple.com/us/music-video/you-and-your-heart/id371852796?uo=4", "previewUrl":"http://a1217.phobos.apple.com/us/r1000/129/Video1/v4/62/8c/c8/628cc88b-1880-2a9b-7ddb-406cb2383dc4/mzvf_7371206978216974034.640x476.h264lc.U.p.m4v", "artworkUrl30":"http://is3.mzstatic.com/image/thumb/Video/v4/7f/57/03/7f5703da-c0c7-780e-c747-1a4b003e7c73/source/30x30bb.jpg", "artworkUrl60":"http://is3.mzstatic.com/image/thumb/Video/v4/7f/57/03/7f5703da-c0c7-780e-c747-1a4b003e7c73/source/60x60bb.jpg", "artworkUrl100":"http://is3.mzstatic.com/image/thumb/Video/v4/7f/57/03/7f5703da-c0c7-780e-c747-1a4b003e7c73/source/100x100bb.jpg", "collectionPrice":1.99, "trackPrice":1.99, "releaseDate":"2010-04-20T07:00:00Z", "collectionExplicitness":"notExplicit", "trackExplicitness":"notExplicit", "trackTimeMillis":196780, "country":"USA", "currency":"USD", "primaryGenreName":"Rock"}, 
{"wrapperType":"track", "kind":"music-video", "artistId":121829714, "trackId":276763657, "artistName":"ALO & Jack Johnson", "trackName":"Girl, I Wanna Lay You Down", "trackCensoredName":"Girl, I Wanna Lay You Down (New Version)", "artistViewUrl":"https://itunes.apple.com/us/artist/alo/id121829714?uo=4", "trackViewUrl":"https://itunes.apple.com/us/music-video/girl-i-wanna-lay-you-down/id276763657?uo=4", "previewUrl":"http://a1431.phobos.apple.com/us/r1000/046/Video/5f/d6/94/mzm.kdyvfcem..640x368.h264lc.u.p.m4v", "artworkUrl30":"http://is5.mzstatic.com/image/thumb/Video/v4/13/fb/d1/13fbd193-05d6-143c-29f7-0a9ccd8ba1f2/source/30x30bb.jpg", "artworkUrl60":"http://is5.mzstatic.com/image/thumb/Video/v4/13/fb/d1/13fbd193-05d6-143c-29f7-0a9ccd8ba1f2/source/60x60bb.jpg", "artworkUrl100":"http://is5.mzstatic.com/image/thumb/Video/v4/13/fb/d1/13fbd193-05d6-143c-29f7-0a9ccd8ba1f2/source/100x100bb.jpg", "collectionPrice":1.49, "trackPrice":1.49, "releaseDate":"2007-12-11T08:00:00Z", "collectionExplicitness":"notExplicit", "trackExplicitness":"notExplicit", "trackTimeMillis":214755, "country":"USA", "currency":"USD", "primaryGenreName":"Rock"}, 
{"wrapperType":"track", "kind":"music-video", "artistId":909253, "trackId":99280537, "artistName":"Jack Johnson", "trackName":"Better Together", "trackCensoredName":"Better Together (A Weekend At the Greek)", "artistViewUrl":"https://itunes.apple.com/us/artist/jack-johnson/id909253?uo=4", "trackViewUrl":"https://itunes.apple.com/us/music-video/better-together-weekend-at/id99280537?uo=4", "previewUrl":"http://a817.phobos.apple.com/us/r1000/035/Video/ee/9e/fb/mzm.vshrnjjz..640x360.h264lc.u.p.m4v", "artworkUrl30":"http://is4.mzstatic.com/image/thumb/Video/v4/85/2b/ed/852bedbc-6cbf-b4cd-dd31-26324e91c0f6/source/30x30bb.jpg", "artworkUrl60":"http://is4.mzstatic.com/image/thumb/Video/v4/85/2b/ed/852bedbc-6cbf-b4cd-dd31-26324e91c0f6/source/60x60bb.jpg", "artworkUrl100":"http://is4.mzstatic.com/image/thumb/Video/v4/85/2b/ed/852bedbc-6cbf-b4cd-dd31-26324e91c0f6/source/100x100bb.jpg", "collectionPrice":1.49, "trackPrice":1.49, "releaseDate":"2005-11-22T08:00:00Z", "collectionExplicitness":"notExplicit", "trackExplicitness":"notExplicit", "trackTimeMillis":247047, "country":"USA", "currency":"USD", "primaryGenreName":"Rock"}, 
{"wrapperType":"track", "kind":"music-video", "artistId":7376123, "trackId":300716644, "artistName":"Mason Jennings, Matt Costa & Jack Johnson", "trackName":"I Love You And Buddha Too", "trackCensoredName":"I Love You And Buddha Too (Live at Hyde Park)", "artistViewUrl":"https://itunes.apple.com/us/artist/mason-jennings/id7376123?uo=4", "trackViewUrl":"https://itunes.apple.com/us/music-video/i-love-you-buddha-too-live/id300716644?uo=4", "previewUrl":"http://a259.phobos.apple.com/us/r1000/025/Video/a6/e9/88/mzm.ykmqrsvg..640x352.h264lc.u.p.m4v", "artworkUrl30":"http://is3.mzstatic.com/image/thumb/Video/v4/d1/ea/88/d1ea88af-9baf-e7b1-3bb4-e599e35640fc/source/30x30bb.jpg", "artworkUrl60":"http://is3.mzstatic.com/image/thumb/Video/v4/d1/ea/88/d1ea88af-9baf-e7b1-3bb4-e599e35640fc/source/60x60bb.jpg", "artworkUrl100":"http://is3.mzstatic.com/image/thumb/Video/v4/d1/ea/88/d1ea88af-9baf-e7b1-3bb4-e599e35640fc/source/100x100bb.jpg", "collectionPrice":1.49, "trackPrice":1.49, "releaseDate":"2008-12-19T08:00:00Z", "collectionExplicitness":"notExplicit", "trackExplicitness":"notExplicit", "trackTimeMillis":135567, "country":"USA", "currency":"USD", "primaryGenreName":"Rock"}, 
{"wrapperType":"track", "kind":"music-video", "artistId":909253, "collectionId":292171691, "trackId":292171823, "artistName":"Jack Johnson", "collectionName":"Sleep Through the Static: Remixed", "trackName":"Enemy", "collectionCensoredName":"Sleep Through the Static: Remixed", "trackCensoredName":"Enemy (Live from the Solar Powered Plastic Plant)", "artistViewUrl":"https://itunes.apple.com/us/artist/jack-johnson/id909253?uo=4", "collectionViewUrl":"https://itunes.apple.com/us/music-video/enemy-live-from-solar-powered/id292171823?uo=4", "trackViewUrl":"https://itunes.apple.com/us/music-video/enemy-live-from-solar-powered/id292171823?uo=4", "previewUrl":"http://a1781.phobos.apple.com/us/r1000/159/Video/3d/af/a6/mzm.nhmjpews..640x352.h264lc.u.p.m4v", "artworkUrl30":"http://is5.mzstatic.com/image/thumb/Video/v4/46/0e/5b/460e5b72-4396-4f0a-0ee8-5fb265addaa6/source/30x30bb.jpg", "artworkUrl60":"http://is5.mzstatic.com/image/thumb/Video/v4/46/0e/5b/460e5b72-4396-4f0a-0ee8-5fb265addaa6/source/60x60bb.jpg", "artworkUrl100":"http://is5.mzstatic.com/image/thumb/Video/v4/46/0e/5b/460e5b72-4396-4f0a-0ee8-5fb265addaa6/source/100x100bb.jpg", "collectionPrice":7.99, "trackPrice":1.99, "releaseDate":"2008-09-23T07:00:00Z", "collectionExplicitness":"notExplicit", "trackExplicitness":"notExplicit", "discCount":1, "discNumber":1, "trackCount":10, "trackNumber":9, "trackTimeMillis":211960, "country":"USA", "currency":"USD", "primaryGenreName":"Rock"}, 
{"wrapperType":"track", "kind":"music-video", "artistId":909253, "collectionId":292171691, "trackId":292171842, "artistName":"Jack Johnson", "collectionName":"Sleep Through the Static: Remixed", "trackName":"Adrift", "collectionCensoredName":"Sleep Through the Static: Remixed", "trackCensoredName":"Adrift (Live from the Solar Powered Plastic Plant)", "artistViewUrl":"https://itunes.apple.com/us/artist/jack-johnson/id909253?uo=4", "collectionViewUrl":"https://itunes.apple.com/us/music-video/adrift-live-from-solar-powered/id292171842?uo=4", "trackViewUrl":"https://itunes.apple.com/us/music-video/adrift-live-from-solar-powered/id292171842?uo=4", "previewUrl":"http://a397.phobos.apple.com/us/r1000/176/Video/21/31/09/mzm.czaymuri..640x352.h264lc.u.p.m4v", "artworkUrl30":"http://is2.mzstatic.com/image/thumb/Video/v4/6f/0e/40/6f0e40b8-285c-ab2b-633e-0d6477a4dfb7/source/30x30bb.jpg", "artworkUrl60":"http://is2.mzstatic.com/image/thumb/Video/v4/6f/0e/40/6f0e40b8-285c-ab2b-633e-0d6477a4dfb7/source/60x60bb.jpg", "artworkUrl100":"http://is2.mzstatic.com/image/thumb/Video/v4/6f/0e/40/6f0e40b8-285c-ab2b-633e-0d6477a4dfb7/source/100x100bb.jpg", "collectionPrice":7.99, "trackPrice":1.99, "releaseDate":"2008-09-23T07:00:00Z", "collectionExplicitness":"notExplicit", "trackExplicitness":"notExplicit", "discCount":1, "discNumber":1, "trackCount":10, "trackNumber":10, "trackTimeMillis":180805, "country":"USA", "currency":"USD", "primaryGenreName":"Rock"}, 
{"wrapperType":"track", "kind":"music-video", "artistId":79223185, "trackId":291721081, "artistName":"Zach Gill & Jack Johnson", "trackName":"Family", "trackCensoredName":"Family", "artistViewUrl":"https://itunes.apple.com/us/artist/zach-gill/id79223185?uo=4", "trackViewUrl":"https://itunes.apple.com/us/music-video/family/id291721081?uo=4", "previewUrl":"http://a1527.phobos.apple.com/us/r1000/032/Video/5f/32/70/mzm.sxvucucw..640x352.h264lc.u.p.m4v", "artworkUrl30":"http://is2.mzstatic.com/image/thumb/Video/v4/80/71/48/80714896-8d91-f7ac-efa7-6ad8990027b6/source/30x30bb.jpg", "artworkUrl60":"http://is2.mzstatic.com/image/thumb/Video/v4/80/71/48/80714896-8d91-f7ac-efa7-6ad8990027b6/source/60x60bb.jpg", "artworkUrl100":"http://is2.mzstatic.com/image/thumb/Video/v4/80/71/48/80714896-8d91-f7ac-efa7-6ad8990027b6/source/100x100bb.jpg", "collectionPrice":1.99, "trackPrice":1.99, "releaseDate":"2008-09-18T07:00:00Z", "collectionExplicitness":"notExplicit", "trackExplicitness":"notExplicit", "trackTimeMillis":240863, "country":"USA", "currency":"USD", "primaryGenreName":"Rock"}, 
{"wrapperType":"track", "kind":"music-video", "artistId":909253, "trackId":167619535, "artistName":"Jack Johnson", "trackName":"Sitting, Waiting, Wishing", "trackCensoredName":"Sitting, Waiting, Wishing (Edited Version)", "artistViewUrl":"https://itunes.apple.com/us/artist/jack-johnson/id909253?uo=4", "trackViewUrl":"https://itunes.apple.com/us/music-video/sitting-waiting-wishing-edited/id167619535?uo=4", "previewUrl":"http://a584.phobos.apple.com/us/r1000/033/Video/32/d9/06/mzm.edkfiefk..640x480.h264lc.u.p.m4v", "artworkUrl30":"http://is2.mzstatic.com/image/thumb/Video/v4/a7/34/29/a73429f9-f54d-1664-27e2-0f9033cb4fa7/source/30x30bb.jpg", "artworkUrl60":"http://is2.mzstatic.com/image/thumb/Video/v4/a7/34/29/a73429f9-f54d-1664-27e2-0f9033cb4fa7/source/60x60bb.jpg", "artworkUrl100":"http://is2.mzstatic.com/image/thumb/Video/v4/a7/34/29/a73429f9-f54d-1664-27e2-0f9033cb4fa7/source/100x100bb.jpg", "collectionPrice":1.49, "trackPrice":1.49, "releaseDate":"2005-05-04T07:00:00Z", "collectionExplicitness":"notExplicit", "trackExplicitness":"notExplicit", "trackTimeMillis":200900, "country":"USA", "currency":"USD", "primaryGenreName":"Rock"}, 
{"wrapperType":"track", "kind":"music-video", "artistId":909253, "collectionId":109181599, "trackId":108868872, "artistName":"Jack Johnson", "collectionName":"A Weekend At the Greek (Live)", "trackName":"Sitting, Waiting, Wishing (Live)", "collectionCensoredName":"A Weekend At the Greek (Live)", "trackCensoredName":"Sitting, Waiting, Wishing (Live)", "artistViewUrl":"https://itunes.apple.com/us/artist/jack-johnson/id909253?uo=4", "collectionViewUrl":"https://itunes.apple.com/us/music-video/sitting-waiting-wishing-live/id108868872?uo=4", "trackViewUrl":"https://itunes.apple.com/us/music-video/sitting-waiting-wishing-live/id108868872?uo=4", "previewUrl":"http://a408.phobos.apple.com/us/r1000/023/Video/d2/24/bd/mzm.ysossyrg..640x360.h264lc.u.p.m4v", "artworkUrl30":"http://is1.mzstatic.com/image/thumb/Video/v4/eb/ed/19/ebed1925-0d82-3a61-d54e-70a6bde18896/source/30x30bb.jpg", "artworkUrl60":"http://is1.mzstatic.com/image/thumb/Video/v4/eb/ed/19/ebed1925-0d82-3a61-d54e-70a6bde18896/source/60x60bb.jpg", "artworkUrl100":"http://is1.mzstatic.com/image/thumb/Video/v4/eb/ed/19/ebed1925-0d82-3a61-d54e-70a6bde18896/source/100x100bb.jpg", "collectionPrice":-1.00, "trackPrice":1.99, "releaseDate":"2005-12-20T08:00:00Z", "collectionExplicitness":"notExplicit", "trackExplicitness":"notExplicit", "discCount":1, "discNumber":1, "trackCount":22, "trackNumber":7, "trackTimeMillis":275475, "country":"USA", "currency":"USD", "primaryGenreName":"Rock"}, 
{"wrapperType":"track", "kind":"music-video", "artistId":909253, "collectionId":109181599, "trackId":108869518, "artistName":"Jack Johnson", "collectionName":"A Weekend At the Greek (Live)", "trackName":"Girl I Wanna Lay You Down (Credits)", "collectionCensoredName":"A Weekend At the Greek (Live)", "trackCensoredName":"Girl I Wanna Lay You Down (Credits)", "artistViewUrl":"https://itunes.apple.com/us/artist/jack-johnson/id909253?uo=4", "collectionViewUrl":"https://itunes.apple.com/us/music-video/girl-i-wanna-lay-you-down/id108869518?uo=4", "trackViewUrl":"https://itunes.apple.com/us/music-video/girl-i-wanna-lay-you-down/id108869518?uo=4", "previewUrl":"http://a621.phobos.apple.com/us/r1000/029/Video/35/84/f9/mzm.ociftsor..640x360.h264lc.u.p.m4v", "artworkUrl30":"http://is4.mzstatic.com/image/thumb/Video/v4/ae/63/97/ae63973b-b95d-9af1-5c41-c646cbec49ab/source/30x30bb.jpg", "artworkUrl60":"http://is4.mzstatic.com/image/thumb/Video/v4/ae/63/97/ae63973b-b95d-9af1-5c41-c646cbec49ab/source/60x60bb.jpg", "artworkUrl100":"http://is4.mzstatic.com/image/thumb/Video/v4/ae/63/97/ae63973b-b95d-9af1-5c41-c646cbec49ab/source/100x100bb.jpg", "collectionPrice":-1.00, "trackPrice":1.49, "releaseDate":"2005-12-20T08:00:00Z", "collectionExplicitness":"notExplicit", "trackExplicitness":"notExplicit", "discCount":1, "discNumber":1, "trackCount":22, "trackNumber":22, "trackTimeMillis":300898, "country":"USA", "currency":"USD", "primaryGenreName":"Rock"}, 
{"wrapperType":"track", "kind":"music-video", "artistId":909253, "collectionId":109181599, "trackId":108869358, "artistName":"Jack Johnson", "collectionName":"A Weekend At the Greek (Live)", "trackName":"Plastic Jesus / Fall Line / Spring Wind (Live)", "collectionCensoredName":"A Weekend At the Greek (Live)", "trackCensoredName":"Plastic Jesus / Fall Line / Spring Wind (Live)", "artistViewUrl":"https://itunes.apple.com/us/artist/jack-johnson/id909253?uo=4", "collectionViewUrl":"https://itunes.apple.com/us/music-video/plastic-jesus-fall-line-spring/id108869358?uo=4", "trackViewUrl":"https://itunes.apple.com/us/music-video/plastic-jesus-fall-line-spring/id108869358?uo=4", "previewUrl":"http://a92.phobos.apple.com/us/r1000/042/Video/71/e8/9f/mzm.qjbgxjjp..640x360.h264lc.u.p.m4v", "artworkUrl30":"http://is4.mzstatic.com/image/thumb/Video/v4/53/be/49/53be49f4-64c6-b88d-ba74-0faa2c6100e7/source/30x30bb.jpg", "artworkUrl60":"http://is4.mzstatic.com/image/thumb/Video/v4/53/be/49/53be49f4-64c6-b88d-ba74-0faa2c6100e7/source/60x60bb.jpg", "artworkUrl100":"http://is4.mzstatic.com/image/thumb/Video/v4/53/be/49/53be49f4-64c6-b88d-ba74-0faa2c6100e7/source/100x100bb.jpg", "collectionPrice":-1.00, "trackPrice":1.49, "releaseDate":"2005-12-20T08:00:00Z", "collectionExplicitness":"notExplicit", "trackExplicitness":"notExplicit", "discCount":1, "discNumber":1, "trackCount":22, "trackNumber":19, "trackTimeMillis":304202, "country":"USA", "currency":"USD", "primaryGenreName":"Rock"}, 
{"wrapperType":"track", "kind":"music-video", "artistId":909253, "collectionId":109181599, "trackId":108869314, "artistName":"Jack Johnson", "collectionName":"A Weekend At the Greek (Live)", "trackName":"Rodeo Clowns (with G. Love) [Live]", "collectionCensoredName":"A Weekend At the Greek (Live)", "trackCensoredName":"Rodeo Clowns (with G. Love) [Live]", "artistViewUrl":"https://itunes.apple.com/us/artist/jack-johnson/id909253?uo=4", "collectionViewUrl":"https://itunes.apple.com/us/music-video/rodeo-clowns-with-g.-love-live/id108869314?uo=4", "trackViewUrl":"https://itunes.apple.com/us/music-video/rodeo-clowns-with-g.-love-live/id108869314?uo=4", "previewUrl":"http://a1144.phobos.apple.com/us/r1000/020/Video/95/97/49/mzm.abhmjjzg..640x384.h264lc.u.p.m4v", "artworkUrl30":"http://is4.mzstatic.com/image/thumb/Video/v4/4b/1c/70/4b1c7012-92d0-92c7-f15c-fc949bdb6856/source/30x30bb.jpg", "artworkUrl60":"http://is4.mzstatic.com/image/thumb/Video/v4/4b/1c/70/4b1c7012-92d0-92c7-f15c-fc949bdb6856/source/60x60bb.jpg", "artworkUrl100":"http://is4.mzstatic.com/image/thumb/Video/v4/4b/1c/70/4b1c7012-92d0-92c7-f15c-fc949bdb6856/source/100x100bb.jpg", "collectionPrice":-1.00, "trackPrice":1.49, "releaseDate":"2005-12-20T08:00:00Z", "collectionExplicitness":"notExplicit", "trackExplicitness":"notExplicit", "discCount":1, "discNumber":1, "trackCount":22, "trackNumber":17, "trackTimeMillis":298121, "country":"USA", "currency":"USD", "primaryGenreName":"Rock"}, 
{"wrapperType":"track", "kind":"music-video", "artistId":909253, "trackId":536249810, "artistName":"Jack Johnson, John Cruz, Natural Vibrations & Paula Fuga", "trackName":"Little Bit of Love", "trackCensoredName":"Little Bit of Love", "artistViewUrl":"https://itunes.apple.com/us/artist/jack-johnson/id909253?uo=4", "trackViewUrl":"https://itunes.apple.com/us/music-video/little-bit-of-love/id536249810?uo=4", "previewUrl":"http://a1068.phobos.apple.com/us/r30/Video/54/7c/f3/mzi.jkjmcqdt..640x352.h264lc.u.p.m4v", "artworkUrl30":"http://is4.mzstatic.com/image/thumb/Video/v4/de/fd/d7/defdd765-f105-8222-ee2a-870150fae082/source/30x30bb.jpg", "artworkUrl60":"http://is4.mzstatic.com/image/thumb/Video/v4/de/fd/d7/defdd765-f105-8222-ee2a-870150fae082/source/60x60bb.jpg", "artworkUrl100":"http://is4.mzstatic.com/image/thumb/Video/v4/de/fd/d7/defdd765-f105-8222-ee2a-870150fae082/source/100x100bb.jpg", "collectionPrice":1.49, "trackPrice":1.49, "releaseDate":"2012-06-08T07:00:00Z", "collectionExplicitness":"notExplicit", "trackExplicitness":"notExplicit", "trackTimeMillis":217817, "country":"USA", "currency":"USD", "primaryGenreName":"Singer/Songwriter"}, 
{"wrapperType":"track", "kind":"music-video", "artistId":909253, "collectionId":109181599, "trackId":108869336, "artistName":"Jack Johnson", "collectionName":"A Weekend At the Greek (Live)", "trackName":"Mudfootball (with G. Love) [Live]", "collectionCensoredName":"A Weekend At the Greek (Live)", "trackCensoredName":"Mudfootball (with G. Love) [Live]", "artistViewUrl":"https://itunes.apple.com/us/artist/jack-johnson/id909253?uo=4", "collectionViewUrl":"https://itunes.apple.com/us/music-video/mudfootball-with-g.-love-live/id108869336?uo=4", "trackViewUrl":"https://itunes.apple.com/us/music-video/mudfootball-with-g.-love-live/id108869336?uo=4", "previewUrl":"http://a1623.phobos.apple.com/us/r1000/037/Video/0a/b4/cc/mzm.kntwxsin..640x360.h264lc.u.p.m4v", "artworkUrl30":"http://is2.mzstatic.com/image/thumb/Video/v4/a4/16/26/a41626df-a55f-b033-6388-3a918adeddf3/source/30x30bb.jpg", "artworkUrl60":"http://is2.mzstatic.com/image/thumb/Video/v4/a4/16/26/a41626df-a55f-b033-6388-3a918adeddf3/source/60x60bb.jpg", "artworkUrl100":"http://is2.mzstatic.com/image/thumb/Video/v4/a4/16/26/a41626df-a55f-b033-6388-3a918adeddf3/source/100x100bb.jpg", "collectionPrice":-1.00, "trackPrice":1.49, "releaseDate":"2005-12-20T08:00:00Z", "collectionExplicitness":"notExplicit", "trackExplicitness":"notExplicit", "discCount":1, "discNumber":1, "trackCount":22, "trackNumber":18, "trackTimeMillis":261762, "country":"USA", "currency":"USD", "primaryGenreName":"Rock"}, 
{"wrapperType":"track", "kind":"music-video", "artistId":909253, "trackId":273070693, "artistName":"Jack Johnson", "trackName":"If I Had Eyes", "trackCensoredName":"If I Had Eyes", "artistViewUrl":"https://itunes.apple.com/us/artist/jack-johnson/id909253?uo=4", "trackViewUrl":"https://itunes.apple.com/us/music-video/if-i-had-eyes/id273070693?uo=4", "previewUrl":"http://a1934.phobos.apple.com/us/r1000/028/Video/80/7f/bc/mzm.uowsrfxm..640x336.h264lc.u.p.m4v", "artworkUrl30":"http://is3.mzstatic.com/image/thumb/Video/v4/87/79/49/877949c0-8056-77fb-0b8a-ef7a8408058a/source/30x30bb.jpg", "artworkUrl60":"http://is3.mzstatic.com/image/thumb/Video/v4/87/79/49/877949c0-8056-77fb-0b8a-ef7a8408058a/source/60x60bb.jpg", "artworkUrl100":"http://is3.mzstatic.com/image/thumb/Video/v4/87/79/49/877949c0-8056-77fb-0b8a-ef7a8408058a/source/100x100bb.jpg", "collectionPrice":1.49, "trackPrice":1.49, "releaseDate":"2008-01-28T08:00:00Z", "collectionExplicitness":"notExplicit", "trackExplicitness":"notExplicit", "trackTimeMillis":237070, "country":"USA", "currency":"USD", "primaryGenreName":"Rock"}, 
{"wrapperType":"track", "kind":"music-video", "artistId":909253, "collectionId":109181599, "trackId":108869202, "artistName":"Jack Johnson", "collectionName":"A Weekend At the Greek (Live)", "trackName":"If I Could (with Money Mark) [Live]", "collectionCensoredName":"A Weekend At the Greek (Live)", "trackCensoredName":"If I Could (with Money Mark) [Live]", "artistViewUrl":"https://itunes.apple.com/us/artist/jack-johnson/id909253?uo=4", "collectionViewUrl":"https://itunes.apple.com/us/music-video/if-i-could-with-money-mark-live/id108869202?uo=4", "trackViewUrl":"https://itunes.apple.com/us/music-video/if-i-could-with-money-mark-live/id108869202?uo=4", "previewUrl":"http://a786.phobos.apple.com/us/r1000/045/Video/82/e7/d2/mzm.cngjqgby..640x360.h264lc.u.p.m4v", "artworkUrl30":"http://is3.mzstatic.com/image/thumb/Video/v4/90/e0/75/90e075a2-d5ce-ec29-7344-11acb9954404/source/30x30bb.jpg", "artworkUrl60":"http://is3.mzstatic.com/image/thumb/Video/v4/90/e0/75/90e075a2-d5ce-ec29-7344-11acb9954404/source/60x60bb.jpg", "artworkUrl100":"http://is3.mzstatic.com/image/thumb/Video/v4/90/e0/75/90e075a2-d5ce-ec29-7344-11acb9954404/source/100x100bb.jpg", "collectionPrice":-1.00, "trackPrice":1.49, "releaseDate":"2005-12-20T08:00:00Z", "collectionExplicitness":"notExplicit", "trackExplicitness":"notExplicit", "discCount":1, "discNumber":1, "trackCount":22, "trackNumber":15, "trackTimeMillis":198498, "country":"USA", "currency":"USD", "primaryGenreName":"Rock"}, 
{"wrapperType":"track", "kind":"music-video", "artistId":909253, "collectionId":109181599, "trackId":108868753, "artistName":"Jack Johnson", "collectionName":"A Weekend At the Greek (Live)", "trackName":"Posters (Live)", "collectionCensoredName":"A Weekend At the Greek (Live)", "trackCensoredName":"Posters (Live)", "artistViewUrl":"https://itunes.apple.com/us/artist/jack-johnson/id909253?uo=4", "collectionViewUrl":"https://itunes.apple.com/us/music-video/posters-live/id108868753?uo=4", "trackViewUrl":"https://itunes.apple.com/us/music-video/posters-live/id108868753?uo=4", "previewUrl":"http://a128.phobos.apple.com/us/r1000/000/Video/07/b1/fa/mzm.uqmzlxwk..640x384.h264lc.u.p.m4v", "artworkUrl30":"http://is4.mzstatic.com/image/thumb/Video/v4/ed/2b/5e/ed2b5ec5-c715-eac1-e7b0-efcd1b0cc4b7/source/30x30bb.jpg", "artworkUrl60":"http://is4.mzstatic.com/image/thumb/Video/v4/ed/2b/5e/ed2b5ec5-c715-eac1-e7b0-efcd1b0cc4b7/source/60x60bb.jpg", "artworkUrl100":"http://is4.mzstatic.com/image/thumb/Video/v4/ed/2b/5e/ed2b5ec5-c715-eac1-e7b0-efcd1b0cc4b7/source/100x100bb.jpg", "collectionPrice":-1.00, "trackPrice":1.49, "releaseDate":"2005-12-20T08:00:00Z", "collectionExplicitness":"notExplicit", "trackExplicitness":"notExplicit", "discCount":1, "discNumber":1, "trackCount":22, "trackNumber":4, "trackTimeMillis":231665, "country":"USA", "currency":"USD", "primaryGenreName":"Rock"}, 
{"wrapperType":"track", "kind":"music-video", "artistId":909253, "collectionId":109181599, "trackId":108868965, "artistName":"Jack Johnson", "collectionName":"A Weekend At the Greek (Live)", "trackName":"The Accordion Set (Belle / Banana) [Live]", "collectionCensoredName":"A Weekend At the Greek (Live)", "trackCensoredName":"The Accordion Set (Belle / Banana) [Live]", "artistViewUrl":"https://itunes.apple.com/us/artist/jack-johnson/id909253?uo=4", "collectionViewUrl":"https://itunes.apple.com/us/music-video/accordion-set-belle-banana/id108868965?uo=4", "trackViewUrl":"https://itunes.apple.com/us/music-video/accordion-set-belle-banana/id108868965?uo=4", "previewUrl":"http://a963.phobos.apple.com/us/r1000/033/Video/4d/ae/01/mzm.aeuzkijw..640x360.h264lc.u.p.m4v", "artworkUrl30":"http://is1.mzstatic.com/image/thumb/Video/v4/80/c9/87/80c98732-8eeb-8dfa-ae40-15a37b6b1db3/source/30x30bb.jpg", "artworkUrl60":"http://is1.mzstatic.com/image/thumb/Video/v4/80/c9/87/80c98732-8eeb-8dfa-ae40-15a37b6b1db3/source/60x60bb.jpg", "artworkUrl100":"http://is1.mzstatic.com/image/thumb/Video/v4/80/c9/87/80c98732-8eeb-8dfa-ae40-15a37b6b1db3/source/100x100bb.jpg", "collectionPrice":-1.00, "trackPrice":1.49, "releaseDate":"2005-12-20T08:00:00Z", "collectionExplicitness":"notExplicit", "trackExplicitness":"notExplicit", "discCount":1, "discNumber":1, "trackCount":22, "trackNumber":10, "trackTimeMillis":294793, "country":"USA", "currency":"USD", "primaryGenreName":"Rock"}, 
{"wrapperType":"track", "kind":"music-video", "artistId":909253, "collectionId":109181599, "trackId":108869102, "artistName":"Jack Johnson", "collectionName":"A Weekend At the Greek (Live)", "trackName":"Sad to Know You Are Wasting My Time (Live)", "collectionCensoredName":"A Weekend At the Greek (Live)", "trackCensoredName":"Sad to Know You Are Wasting My Time (Live)", "artistViewUrl":"https://itunes.apple.com/us/artist/jack-johnson/id909253?uo=4", "collectionViewUrl":"https://itunes.apple.com/us/music-video/sad-to-know-you-are-wasting/id108869102?uo=4", "trackViewUrl":"https://itunes.apple.com/us/music-video/sad-to-know-you-are-wasting/id108869102?uo=4", "previewUrl":"http://a1147.phobos.apple.com/us/r1000/011/Video/23/03/fa/mzm.otutykoa..640x360.h264lc.u.p.m4v", "artworkUrl30":"http://is3.mzstatic.com/image/thumb/Video/v4/30/cb/c2/30cbc222-9d45-979c-ad34-d50e1a4058c2/source/30x30bb.jpg", "artworkUrl60":"http://is3.mzstatic.com/image/thumb/Video/v4/30/cb/c2/30cbc222-9d45-979c-ad34-d50e1a4058c2/source/60x60bb.jpg", "artworkUrl100":"http://is3.mzstatic.com/image/thumb/Video/v4/30/cb/c2/30cbc222-9d45-979c-ad34-d50e1a4058c2/source/100x100bb.jpg", "collectionPrice":-1.00, "trackPrice":1.49, "releaseDate":"2005-12-20T08:00:00Z", "collectionExplicitness":"notExplicit", "trackExplicitness":"notExplicit", "discCount":1, "discNumber":1, "trackCount":22, "trackNumber":13, "trackTimeMillis":312510, "country":"USA", "currency":"USD", "primaryGenreName":"Rock"}, 
{"wrapperType":"track", "kind":"music-video", "artistId":909253, "collectionId":109181599, "trackId":108869066, "artistName":"Jack Johnson", "collectionName":"A Weekend At the Greek (Live)", "trackName":"I Never Intended to Have Songs That Said La-Da-Da-Da-Da-Da (Live)", "collectionCensoredName":"A Weekend At the Greek (Live)", "trackCensoredName":"I Never Intended to Have Songs That Said La-Da-Da-Da-Da-Da (Live)", "artistViewUrl":"https://itunes.apple.com/us/artist/jack-johnson/id909253?uo=4", "collectionViewUrl":"https://itunes.apple.com/us/music-video/i-never-intended-to-have-songs/id108869066?uo=4", "trackViewUrl":"https://itunes.apple.com/us/music-video/i-never-intended-to-have-songs/id108869066?uo=4", "previewUrl":"http://a1061.phobos.apple.com/us/r1000/041/Video/d1/50/41/mzm.nxonuruz..640x360.h264lc.u.p.m4v", "artworkUrl30":"http://is4.mzstatic.com/image/thumb/Video/v4/00/66/f8/0066f8a9-d5c7-d513-0ecc-9806439f6943/source/30x30bb.jpg", "artworkUrl60":"http://is4.mzstatic.com/image/thumb/Video/v4/00/66/f8/0066f8a9-d5c7-d513-0ecc-9806439f6943/source/60x60bb.jpg", "artworkUrl100":"http://is4.mzstatic.com/image/thumb/Video/v4/00/66/f8/0066f8a9-d5c7-d513-0ecc-9806439f6943/source/100x100bb.jpg", "collectionPrice":-1.00, "trackPrice":1.49, "releaseDate":"2005-12-20T08:00:00Z", "collectionExplicitness":"notExplicit", "trackExplicitness":"notExplicit", "discCount":1, "discNumber":1, "trackCount":22, "trackNumber":12, "trackTimeMillis":261658, "country":"USA", "currency":"USD", "primaryGenreName":"Rock"}, 
{"wrapperType":"track", "kind":"music-video", "artistId":909253, "trackId":167617012, "artistName":"Jack Johnson", "trackName":"The Horizon Has Been Defeated", "trackCensoredName":"The Horizon Has Been Defeated", "artistViewUrl":"https://itunes.apple.com/us/artist/jack-johnson/id909253?uo=4", "trackViewUrl":"https://itunes.apple.com/us/music-video/the-horizon-has-been-defeated/id167617012?uo=4", "previewUrl":"http://a1994.phobos.apple.com/us/r1000/041/Video/92/ae/e8/mzm.hgouheuk..640x480.h264lc.u.p.m4v", "artworkUrl30":"http://is1.mzstatic.com/image/thumb/Video/v4/66/54/69/66546936-21a8-e088-44ad-e4c0405584a2/source/30x30bb.jpg", "artworkUrl60":"http://is1.mzstatic.com/image/thumb/Video/v4/66/54/69/66546936-21a8-e088-44ad-e4c0405584a2/source/60x60bb.jpg", "artworkUrl100":"http://is1.mzstatic.com/image/thumb/Video/v4/66/54/69/66546936-21a8-e088-44ad-e4c0405584a2/source/100x100bb.jpg", "collectionPrice":1.49, "trackPrice":1.49, "releaseDate":"2005-03-24T08:00:00Z", "collectionExplicitness":"notExplicit", "trackExplicitness":"notExplicit", "trackTimeMillis":151752, "country":"USA", "currency":"USD", "primaryGenreName":"Rock"}, 
{"wrapperType":"track", "kind":"music-video", "artistId":909253, "collectionId":109181599, "trackId":108868925, "artistName":"Jack Johnson", "collectionName":"A Weekend At the Greek (Live)", "trackName":"The Openers (Live)", "collectionCensoredName":"A Weekend At the Greek (Live)", "trackCensoredName":"The Openers (Live)", "artistViewUrl":"https://itunes.apple.com/us/artist/jack-johnson/id909253?uo=4", "collectionViewUrl":"https://itunes.apple.com/us/music-video/the-openers-live/id108868925?uo=4", "trackViewUrl":"https://itunes.apple.com/us/music-video/the-openers-live/id108868925?uo=4", "previewUrl":"http://a1572.phobos.apple.com/us/r1000/019/Video/f9/5a/10/mzm.tmebembj..640x360.h264lc.u.p.m4v", "artworkUrl30":"http://is5.mzstatic.com/image/thumb/Video/v4/28/69/91/28699104-b539-9b62-0148-25047680aaf7/source/30x30bb.jpg", "artworkUrl60":"http://is5.mzstatic.com/image/thumb/Video/v4/28/69/91/28699104-b539-9b62-0148-25047680aaf7/source/60x60bb.jpg", "artworkUrl100":"http://is5.mzstatic.com/image/thumb/Video/v4/28/69/91/28699104-b539-9b62-0148-25047680aaf7/source/100x100bb.jpg", "collectionPrice":-1.00, "trackPrice":1.49, "releaseDate":"2005-12-20T08:00:00Z", "collectionExplicitness":"notExplicit", "trackExplicitness":"notExplicit", "discCount":1, "discNumber":1, "trackCount":22, "trackNumber":9, "trackTimeMillis":171470, "country":"USA", "currency":"USD", "primaryGenreName":"Rock"}, 
{"wrapperType":"track", "kind":"music-video", "artistId":909253, "collectionId":109181599, "trackId":108868830, "artistName":"Jack Johnson", "collectionName":"A Weekend At the Greek (Live)", "trackName":"From Cuba to Tribe (Live)", "collectionCensoredName":"A Weekend At the Greek (Live)", "trackCensoredName":"From Cuba to Tribe (Live)", "artistViewUrl":"https://itunes.apple.com/us/artist/jack-johnson/id909253?uo=4", "collectionViewUrl":"https://itunes.apple.com/us/music-video/from-cuba-to-tribe-live/id108868830?uo=4", "trackViewUrl":"https://itunes.apple.com/us/music-video/from-cuba-to-tribe-live/id108868830?uo=4", "previewUrl":"http://a1867.phobos.apple.com/us/r1000/009/Video/6b/15/9c/mzm.pqejfgvw..640x360.h264lc.u.p.m4v", "artworkUrl30":"http://is2.mzstatic.com/image/thumb/Video/v4/43/3c/24/433c241a-014e-3859-aa93-e6a001fa3128/source/30x30bb.jpg", "artworkUrl60":"http://is2.mzstatic.com/image/thumb/Video/v4/43/3c/24/433c241a-014e-3859-aa93-e6a001fa3128/source/60x60bb.jpg", "artworkUrl100":"http://is2.mzstatic.com/image/thumb/Video/v4/43/3c/24/433c241a-014e-3859-aa93-e6a001fa3128/source/100x100bb.jpg", "collectionPrice":-1.00, "trackPrice":1.49, "releaseDate":"2005-12-20T08:00:00Z", "collectionExplicitness":"notExplicit", "trackExplicitness":"notExplicit", "discCount":1, "discNumber":1, "trackCount":22, "trackNumber":6, "trackTimeMillis":71470, "country":"USA", "currency":"USD", "primaryGenreName":"Rock"}, 
{"wrapperType":"track", "kind":"music-video", "artistId":909253, "collectionId":799666181, "trackId":799666201, "artistName":"Jack Johnson", "collectionName":"iTunes Festival: London 2013 - EP", "trackName":"Home (feat. Bahamas)", "collectionCensoredName":"iTunes Festival: London 2013 - EP", "trackCensoredName":"Home (feat. Bahamas) [iTunes Festival: London / 2013]", "artistViewUrl":"https://itunes.apple.com/us/artist/jack-johnson/id909253?uo=4", "collectionViewUrl":"https://itunes.apple.com/us/music-video/home-feat.-bahamas-itunes/id799666201?uo=4", "trackViewUrl":"https://itunes.apple.com/us/music-video/home-feat.-bahamas-itunes/id799666201?uo=4", "previewUrl":"http://a1076.phobos.apple.com/us/r1000/035/Video5/v4/51/1a/22/511a2225-d563-d54d-f120-b253c9c128c5/mzvf_6066106175997798348.640x476.h264lc.U.p.m4v", "artworkUrl30":"http://is5.mzstatic.com/image/thumb/Video4/v4/b4/ac/eb/b4aceb2a-115c-1c29-4246-603c0ae960ff/source/30x30bb.jpg", "artworkUrl60":"http://is5.mzstatic.com/image/thumb/Video4/v4/b4/ac/eb/b4aceb2a-115c-1c29-4246-603c0ae960ff/source/60x60bb.jpg", "artworkUrl100":"http://is5.mzstatic.com/image/thumb/Video4/v4/b4/ac/eb/b4aceb2a-115c-1c29-4246-603c0ae960ff/source/100x100bb.jpg", "collectionPrice":6.99, "trackPrice":1.99, "releaseDate":"2014-01-28T08:00:00Z", "collectionExplicitness":"notExplicit", "trackExplicitness":"notExplicit", "discCount":1, "discNumber":1, "trackCount":8, "trackNumber":8, "trackTimeMillis":191200, "country":"USA", "currency":"USD", "primaryGenreName":"Rock"}, 
{"wrapperType":"track", "kind":"music-video", "artistId":909253, "collectionId":799666181, "trackId":799666199, "artistName":"Jack Johnson", "collectionName":"iTunes Festival: London 2013 - EP", "trackName":"Do You Remember", "collectionCensoredName":"iTunes Festival: London 2013 - EP", "trackCensoredName":"Do You Remember (iTunes Festival: London / 2013)", "artistViewUrl":"https://itunes.apple.com/us/artist/jack-johnson/id909253?uo=4", "collectionViewUrl":"https://itunes.apple.com/us/music-video/do-you-remember-itunes-festival/id799666199?uo=4", "trackViewUrl":"https://itunes.apple.com/us/music-video/do-you-remember-itunes-festival/id799666199?uo=4", "previewUrl":"http://a1707.phobos.apple.com/us/r1000/034/Video2/v4/f3/af/f6/f3aff6bd-0ee4-c570-a536-7478debd23a1/mzvf_7885183599829298441.640x476.h264lc.U.p.m4v", "artworkUrl30":"http://is3.mzstatic.com/image/thumb/Video/v4/e8/de/1b/e8de1ba6-38df-9057-5c9b-896daf2e31b6/source/30x30bb.jpg", "artworkUrl60":"http://is3.mzstatic.com/image/thumb/Video/v4/e8/de/1b/e8de1ba6-38df-9057-5c9b-896daf2e31b6/source/60x60bb.jpg", "artworkUrl100":"http://is3.mzstatic.com/image/thumb/Video/v4/e8/de/1b/e8de1ba6-38df-9057-5c9b-896daf2e31b6/source/100x100bb.jpg", "collectionPrice":6.99, "trackPrice":1.99, "releaseDate":"2014-01-28T08:00:00Z", "collectionExplicitness":"notExplicit", "trackExplicitness":"notExplicit", "discCount":1, "discNumber":1, "trackCount":8, "trackNumber":7, "trackTimeMillis":183040, "country":"USA", "currency":"USD", "primaryGenreName":"Rock"}, 
{"wrapperType":"track", "kind":"music-video", "artistId":909253, "trackId":291237395, "artistName":"Jack Johnson", "trackName":"Hope", "trackCensoredName":"Hope", "artistViewUrl":"https://itunes.apple.com/us/artist/jack-johnson/id909253?uo=4", "trackViewUrl":"https://itunes.apple.com/us/music-video/hope/id291237395?uo=4", "previewUrl":"http://a514.phobos.apple.com/us/r1000/020/Video/69/ee/3c/mzm.yzynupta..640x352.h264lc.u.p.m4v", "artworkUrl30":"http://is4.mzstatic.com/image/thumb/Video/v4/f3/83/37/f38337f2-d7d1-421c-ed95-eff40564ec1d/source/30x30bb.jpg", "artworkUrl60":"http://is4.mzstatic.com/image/thumb/Video/v4/f3/83/37/f38337f2-d7d1-421c-ed95-eff40564ec1d/source/60x60bb.jpg", "artworkUrl100":"http://is4.mzstatic.com/image/thumb/Video/v4/f3/83/37/f38337f2-d7d1-421c-ed95-eff40564ec1d/source/100x100bb.jpg", "collectionPrice":1.49, "trackPrice":1.49, "releaseDate":"2008-09-02T07:00:00Z", "collectionExplicitness":"notExplicit", "trackExplicitness":"notExplicit", "trackTimeMillis":222355, "country":"USA", "currency":"USD", "primaryGenreName":"Alternative"}, 
{"wrapperType":"track", "kind":"music-video", "artistId":909253, "trackId":336211355, "artistName":"Jack Johnson", "trackName":"Better Together", "trackCensoredName":"Better Together (Live In Paris)", "artistViewUrl":"https://itunes.apple.com/us/artist/jack-johnson/id909253?uo=4", "trackViewUrl":"https://itunes.apple.com/us/music-video/better-together-live-in-paris/id336211355?uo=4", "previewUrl":"http://a819.phobos.apple.com/us/r1000/053/Video/af/dd/a0/mzm.iwlxxskf..640x352.h264lc.u.p.m4v", "artworkUrl30":"http://is3.mzstatic.com/image/thumb/Video/v4/02/ff/5e/02ff5e81-aac7-880e-4f58-954c56bc2f9d/source/30x30bb.jpg", "artworkUrl60":"http://is3.mzstatic.com/image/thumb/Video/v4/02/ff/5e/02ff5e81-aac7-880e-4f58-954c56bc2f9d/source/60x60bb.jpg", "artworkUrl100":"http://is3.mzstatic.com/image/thumb/Video/v4/02/ff/5e/02ff5e81-aac7-880e-4f58-954c56bc2f9d/source/100x100bb.jpg", "collectionPrice":1.49, "trackPrice":1.49, "releaseDate":"2009-10-08T07:00:00Z", "collectionExplicitness":"notExplicit", "trackExplicitness":"cleaned", "trackTimeMillis":229478, "country":"USA", "currency":"USD", "primaryGenreName":"Rock", "contentAdvisoryRating":"Clean"}, 
{"wrapperType":"track", "kind":"music-video", "artistId":909253, "trackId":666981841, "artistName":"Jack Johnson", "trackName":"I Got You", "trackCensoredName":"I Got You", "artistViewUrl":"https://itunes.apple.com/us/artist/jack-johnson/id909253?uo=4", "trackViewUrl":"https://itunes.apple.com/us/music-video/i-got-you/id666981841?uo=4", "previewUrl":"http://a169.phobos.apple.com/us/r1000/009/Video6/v4/5e/b8/aa/5eb8aafa-b892-21ef-239e-cb83549dc4a8/mzvf_1279409151143324153.640x476.h264lc.U.p.m4v", "artworkUrl30":"http://is4.mzstatic.com/image/thumb/Video1/v4/72/d2/f1/72d2f1d6-e746-95b5-5a15-2fe7b180ecc7/source/30x30bb.jpg", "artworkUrl60":"http://is4.mzstatic.com/image/thumb/Video1/v4/72/d2/f1/72d2f1d6-e746-95b5-5a15-2fe7b180ecc7/source/60x60bb.jpg", "artworkUrl100":"http://is4.mzstatic.com/image/thumb/Video1/v4/72/d2/f1/72d2f1d6-e746-95b5-5a15-2fe7b180ecc7/source/100x100bb.jpg", "collectionPrice":1.99, "trackPrice":1.99, "releaseDate":"2013-07-01T07:00:00Z", "collectionExplicitness":"notExplicit", "trackExplicitness":"notExplicit", "trackTimeMillis":180388, "country":"USA", "currency":"USD", "primaryGenreName":"Rock"}, 
{"wrapperType":"track", "kind":"music-video", "artistId":909253, "trackId":440411786, "artistName":"Jack Johnson", "trackName":"To the Sea", "trackCensoredName":"To the Sea (Live from Santa Barbara Bowl 2011)", "artistViewUrl":"https://itunes.apple.com/us/artist/jack-johnson/id909253?uo=4", "trackViewUrl":"https://itunes.apple.com/us/music-video/to-sea-live-from-santa-barbara/id440411786?uo=4", "previewUrl":"http://a1430.phobos.apple.com/us/r1000/003/Video1/v4/42/95/3c/42953c05-6c3c-6c98-66ba-ecdbef6e3956/mzvf_3251105521223837587.640x476.h264lc.U.p.m4v", "artworkUrl30":"http://is3.mzstatic.com/image/thumb/Video/v4/bd/d6/15/bdd615e2-f943-cd70-3d78-ddffeab0518f/source/30x30bb.jpg", "artworkUrl60":"http://is3.mzstatic.com/image/thumb/Video/v4/bd/d6/15/bdd615e2-f943-cd70-3d78-ddffeab0518f/source/60x60bb.jpg", "artworkUrl100":"http://is3.mzstatic.com/image/thumb/Video/v4/bd/d6/15/bdd615e2-f943-cd70-3d78-ddffeab0518f/source/100x100bb.jpg", "collectionPrice":1.99, "trackPrice":1.99, "releaseDate":"2011-06-03T07:00:00Z", "collectionExplicitness":"notExplicit", "trackExplicitness":"notExplicit", "trackTimeMillis":205205, "country":"USA", "currency":"USD", "primaryGenreName":"Rock"}, 
{"wrapperType":"track", "kind":"music-video", "artistId":918783022, "trackId":1018530641, "artistName":"Jack Ü, Skrillex & Diplo", "trackName":"Where Are Ü Now (with Justin Bieber)", "trackCensoredName":"Where Are Ü Now (with Justin Bieber)", "artistViewUrl":"https://itunes.apple.com/us/artist/jack-u/id918783022?uo=4", "trackViewUrl":"https://itunes.apple.com/us/music-video/where-are-u-now-justin-bieber/id1018530641?uo=4", "previewUrl":"http://a1283.phobos.apple.com/us/r1000/122/Video49/v4/d7/78/90/d77890a3-99aa-7267-ac06-c4053241ab6b/mzvf_1357362856275192713.640x480.h264lc.U.p.m4v", "artworkUrl30":"http://is1.mzstatic.com/image/thumb/Video7/v4/a1/7b/80/a17b8044-5553-9856-dad9-de4ed5084a5e/source/30x30bb.jpg", "artworkUrl60":"http://is1.mzstatic.com/image/thumb/Video7/v4/a1/7b/80/a17b8044-5553-9856-dad9-de4ed5084a5e/source/60x60bb.jpg", "artworkUrl100":"http://is1.mzstatic.com/image/thumb/Video7/v4/a1/7b/80/a17b8044-5553-9856-dad9-de4ed5084a5e/source/100x100bb.jpg", "collectionPrice":1.99, "trackPrice":1.99, "releaseDate":"2015-06-26T07:00:00Z", "collectionExplicitness":"notExplicit", "trackExplicitness":"notExplicit", "trackTimeMillis":253293, "country":"USA", "currency":"USD", "primaryGenreName":"Dance"}, 
{"wrapperType":"track", "kind":"music-video", "artistId":909253, "trackId":786456667, "artistName":"Jack Johnson", "trackName":"Shot Reverse Shot", "trackCensoredName":"Shot Reverse Shot", "artistViewUrl":"https://itunes.apple.com/us/artist/jack-johnson/id909253?uo=4", "trackViewUrl":"https://itunes.apple.com/us/music-video/shot-reverse-shot/id786456667?uo=4", "previewUrl":"http://a384.phobos.apple.com/us/r1000/133/Video1/v4/8f/4c/2b/8f4c2b1e-5d09-36e4-ef61-007f7718dd3f/mzvf_2796711744441528030.640x474.h264lc.U.p.m4v", "artworkUrl30":"http://is3.mzstatic.com/image/thumb/Video1/v4/21/e3/75/21e375d0-cd30-bb53-d605-9494a4165882/source/30x30bb.jpg", "artworkUrl60":"http://is3.mzstatic.com/image/thumb/Video1/v4/21/e3/75/21e375d0-cd30-bb53-d605-9494a4165882/source/60x60bb.jpg", "artworkUrl100":"http://is3.mzstatic.com/image/thumb/Video1/v4/21/e3/75/21e375d0-cd30-bb53-d605-9494a4165882/source/100x100bb.jpg", "collectionPrice":1.99, "trackPrice":1.99, "releaseDate":"2013-12-24T08:00:00Z", "collectionExplicitness":"notExplicit", "trackExplicitness":"notExplicit", "trackTimeMillis":190800, "country":"USA", "currency":"USD", "primaryGenreName":"Rock"}, 
{"wrapperType":"track", "kind":"music-video", "artistId":909253, "trackId":332810487, "artistName":"Jack Johnson", "trackName":"En Concert iTunes Exclusive Preview", "trackCensoredName":"En Concert iTunes Exclusive Preview", "artistViewUrl":"https://itunes.apple.com/us/artist/jack-johnson/id909253?uo=4", "trackViewUrl":"https://itunes.apple.com/us/music-video/en-concert-itunes-exclusive/id332810487?uo=4", "previewUrl":"http://a1311.phobos.apple.com/us/r1000/152/Video69/v4/08/89/fc/0889fc73-95b4-42b2-32d9-82d5d48f2d21/mzvf_6586469739825280709.640x368.h264lc.U.p.m4v", "artworkUrl30":"http://is5.mzstatic.com/image/thumb/Video/v4/e8/2a/76/e82a764e-a135-b578-cc44-b97f2e95748b/source/30x30bb.jpg", "artworkUrl60":"http://is5.mzstatic.com/image/thumb/Video/v4/e8/2a/76/e82a764e-a135-b578-cc44-b97f2e95748b/source/60x60bb.jpg", "artworkUrl100":"http://is5.mzstatic.com/image/thumb/Video/v4/e8/2a/76/e82a764e-a135-b578-cc44-b97f2e95748b/source/100x100bb.jpg", "collectionPrice":1.49, "trackPrice":1.49, "releaseDate":"2009-10-06T07:00:00Z", "collectionExplicitness":"notExplicit", "trackExplicitness":"cleaned", "trackTimeMillis":429400, "country":"USA", "currency":"USD", "primaryGenreName":"Rock", "contentAdvisoryRating":"Clean"}, 
{"wrapperType":"track", "kind":"music-video", "artistId":79969, "trackId":272419218, "artistName":"John Mellencamp", "trackName":"Jack & Diane", "trackCensoredName":"Jack & Diane", "artistViewUrl":"https://itunes.apple.com/us/artist/john-mellencamp/id79969?uo=4", "trackViewUrl":"https://itunes.apple.com/us/music-video/jack-diane/id272419218?uo=4", "previewUrl":"http://a1378.phobos.apple.com/us/r1000/058/Video/49/4b/04/mzm.azedzkau..640x480.h264lc.u.p.m4v", "artworkUrl30":"http://is4.mzstatic.com/image/thumb/Video/v4/7d/d8/c8/7dd8c871-64c4-3f5c-2539-b072b124fed4/source/30x30bb.jpg", "artworkUrl60":"http://is4.mzstatic.com/image/thumb/Video/v4/7d/d8/c8/7dd8c871-64c4-3f5c-2539-b072b124fed4/source/60x60bb.jpg", "artworkUrl100":"http://is4.mzstatic.com/image/thumb/Video/v4/7d/d8/c8/7dd8c871-64c4-3f5c-2539-b072b124fed4/source/100x100bb.jpg", "collectionPrice":1.99, "trackPrice":1.99, "releaseDate":"2006-11-20T08:00:00Z", "collectionExplicitness":"notExplicit", "trackExplicitness":"notExplicit", "trackTimeMillis":258692, "country":"USA", "currency":"USD", "primaryGenreName":"Rock"}, 
{"wrapperType":"track", "kind":"music-video", "artistId":875958, "trackId":325310515, "artistName":"Jack Ingram", "trackName":"Barefoot and Crazy", "trackCensoredName":"Barefoot and Crazy", "artistViewUrl":"https://itunes.apple.com/us/artist/jack-ingram/id875958?uo=4", "trackViewUrl":"https://itunes.apple.com/us/music-video/barefoot-and-crazy/id325310515?uo=4", "previewUrl":"http://a1196.phobos.apple.com/us/r1000/010/Video/ad/19/4f/mzm.bdilixtr..640x320.h264lc.u.p.m4v", "artworkUrl30":"http://is4.mzstatic.com/image/thumb/Video/v4/d8/68/1e/d8681eba-451b-f7d5-b8a5-6deac9682a7c/source/30x30bb.jpg", "artworkUrl60":"http://is4.mzstatic.com/image/thumb/Video/v4/d8/68/1e/d8681eba-451b-f7d5-b8a5-6deac9682a7c/source/60x60bb.jpg", "artworkUrl100":"http://is4.mzstatic.com/image/thumb/Video/v4/d8/68/1e/d8681eba-451b-f7d5-b8a5-6deac9682a7c/source/100x100bb.jpg", "collectionPrice":1.99, "trackPrice":1.99, "releaseDate":"2009-08-04T07:00:00Z", "collectionExplicitness":"notExplicit", "trackExplicitness":"notExplicit", "trackTimeMillis":223287, "country":"USA", "currency":"USD", "primaryGenreName":"Country"}, 
{"wrapperType":"track", "kind":"music-video", "artistId":7036716, "trackId":417533588, "artistName":"Wanda Jackson", "trackName":"Thunder On the Mountain (feat. Jack White and the Third Man House Band)", "trackCensoredName":"Thunder On the Mountain (feat. Jack White and the Third Man House Band)", "artistViewUrl":"https://itunes.apple.com/us/artist/wanda-jackson/id7036716?uo=4", "trackViewUrl":"https://itunes.apple.com/us/music-video/thunder-on-mountain-feat./id417533588?uo=4", "previewUrl":"http://a273.phobos.apple.com/us/r1000/088/Video/v4/07/f7/37/07f73730-7e5c-42a3-1435-907d07a4fad9/mzvf_5608727135887784163.640x426.h264lc.U.p.m4v", "artworkUrl30":"http://is3.mzstatic.com/image/thumb/Video/v4/6c/43/95/6c4395fb-b81e-455a-5721-c61071c9a3ec/source/30x30bb.jpg", "artworkUrl60":"http://is3.mzstatic.com/image/thumb/Video/v4/6c/43/95/6c4395fb-b81e-455a-5721-c61071c9a3ec/source/60x60bb.jpg", "artworkUrl100":"http://is3.mzstatic.com/image/thumb/Video/v4/6c/43/95/6c4395fb-b81e-455a-5721-c61071c9a3ec/source/100x100bb.jpg", "collectionPrice":1.99, "trackPrice":1.99, "releaseDate":"2011-01-18T08:00:00Z", "collectionExplicitness":"notExplicit", "trackExplicitness":"notExplicit", "trackTimeMillis":346177, "country":"USA", "currency":"USD", "primaryGenreName":"Rock"}, 
{"wrapperType":"track", "kind":"music-video", "artistId":696146587, "trackId":1041087159, "artistName":"Madison Beer", "trackName":"All For Love (feat. Jack & Jack)", "trackCensoredName":"All For Love (feat. Jack & Jack)", "artistViewUrl":"https://itunes.apple.com/us/artist/madison-beer/id696146587?uo=4", "trackViewUrl":"https://itunes.apple.com/us/music-video/all-for-love-feat.-jack-jack/id1041087159?uo=4", "previewUrl":"http://a439.phobos.apple.com/us/r1000/154/Video/v4/a9/8f/be/a98fbe4f-9a50-37c1-dba5-a15dc0cf1513/mzvf_1344817163686639781.640x354.h264lc.U.p.m4v", "artworkUrl30":"http://is4.mzstatic.com/image/thumb/Video2/v4/1c/ea/75/1cea7517-2aac-0d92-ede2-814f08df6fc9/source/30x30bb.jpg", "artworkUrl60":"http://is4.mzstatic.com/image/thumb/Video2/v4/1c/ea/75/1cea7517-2aac-0d92-ede2-814f08df6fc9/source/60x60bb.jpg", "artworkUrl100":"http://is4.mzstatic.com/image/thumb/Video2/v4/1c/ea/75/1cea7517-2aac-0d92-ede2-814f08df6fc9/source/100x100bb.jpg", "collectionPrice":1.99, "trackPrice":1.99, "releaseDate":"2015-09-18T07:00:00Z", "collectionExplicitness":"notExplicit", "trackExplicitness":"notExplicit", "trackTimeMillis":211347, "country":"USA", "currency":"USD", "primaryGenreName":"Pop"}, 
{"wrapperType":"track", "kind":"music-video", "artistId":918783022, "trackId":1055498673, "artistName":"Jack Ü, Skrillex & Diplo", "trackName":"To Ü (feat. AlunaGeorge)", "trackCensoredName":"To Ü (feat. AlunaGeorge)", "artistViewUrl":"https://itunes.apple.com/us/artist/jack-u/id918783022?uo=4", "trackViewUrl":"https://itunes.apple.com/us/music-video/to-u-feat.-alunageorge/id1055498673?uo=4", "previewUrl":"http://a1162.phobos.apple.com/us/r1000/166/Video49/v4/da/05/7f/da057fbd-2707-145d-13c8-6c5c1fad8a86/mzvf_1024749664796011063.640x480.h264lc.U.p.m4v", "artworkUrl30":"http://is2.mzstatic.com/image/thumb/Video1/v4/9e/33/c4/9e33c44b-7ab7-bcfb-b030-4ff8a380a552/source/30x30bb.jpg", "artworkUrl60":"http://is2.mzstatic.com/image/thumb/Video1/v4/9e/33/c4/9e33c44b-7ab7-bcfb-b030-4ff8a380a552/source/60x60bb.jpg", "artworkUrl100":"http://is2.mzstatic.com/image/thumb/Video1/v4/9e/33/c4/9e33c44b-7ab7-bcfb-b030-4ff8a380a552/source/100x100bb.jpg", "collectionPrice":1.99, "trackPrice":1.99, "releaseDate":"2015-10-29T07:00:00Z", "collectionExplicitness":"notExplicit", "trackExplicitness":"notExplicit", "trackTimeMillis":247933, "country":"USA", "currency":"USD", "primaryGenreName":"Dance"}, 
{"wrapperType":"track", "kind":"music-video", "artistId":629428, "trackId":719972987, "artistName":"Bill & Gloria Gaither", "trackName":"The Old Country Church (feat. James Blackwood, Jack Toney, Squire Parsons, Ben Speer, George Younce, Ernie Haase and Glen Payne) [Live]", "trackCensoredName":"The Old Country Church (feat. James Blackwood, Jack Toney, Squire Parsons, Ben Speer, George Younce, Ernie Haase and Glen Payne) [Live]", "artistViewUrl":"https://itunes.apple.com/us/artist/bill-gloria-gaither/id629428?uo=4", "trackViewUrl":"https://itunes.apple.com/us/music-video/old-country-church-feat.-james/id719972987?uo=4", "previewUrl":"http://a1118.phobos.apple.com/us/r30/Video7/v4/45/f2/ce/45f2ceb9-09da-10d7-e033-9c967a5cff3c/mzvf_1474493701587857422.640x480.h264lc.U.p.m4v", "artworkUrl30":"http://is3.mzstatic.com/image/thumb/Video/v4/1b/64/71/1b6471a7-4f58-9e63-1bd7-962df6da8ab2/source/30x30bb.jpg", "artworkUrl60":"http://is3.mzstatic.com/image/thumb/Video/v4/1b/64/71/1b6471a7-4f58-9e63-1bd7-962df6da8ab2/source/60x60bb.jpg", "artworkUrl100":"http://is3.mzstatic.com/image/thumb/Video/v4/1b/64/71/1b6471a7-4f58-9e63-1bd7-962df6da8ab2/source/100x100bb.jpg", "collectionPrice":1.99, "trackPrice":1.99, "releaseDate":"2012-11-02T07:00:00Z", "collectionExplicitness":"notExplicit", "trackExplicitness":"notExplicit", "trackTimeMillis":238572, "country":"USA", "currency":"USD", "primaryGenreName":"Christian & Gospel"}, 
{"wrapperType":"track", "kind":"music-video", "artistId":629428, "trackId":719974643, "artistName":"Bill & Gloria Gaither", 
"trackName":"I'm Saved (And I Know That I Am) [feat. Jack Toney, Terry Blackwood, Jake Hess, Ann Downing, Sue Dodge, Candy Hemphill Christmas and Jeanne Johnson] [Live]", 
"trackCensoredName":"I'm Saved (And I Know That I Am) [feat. Jack Toney, Terry Blackwood, Jake Hess, Ann Downing, Sue Dodge, Candy Hemphill Christmas and Jeanne Johnson] [Live]", "artistViewUrl":"https://itunes.apple.com/us/artist/bill-gloria-gaither/id629428?uo=4", "trackViewUrl":"https://itunes.apple.com/us/music-video/im-saved-i-know-that-i-am/id719974643?uo=4", "previewUrl":"http://a1769.phobos.apple.com/us/r30/Video69/v4/85/f3/12/85f312fb-a860-b100-d524-183de31dcd0b/mzvf_5489949548047580947.640x480.h264lc.U.p.m4v", "artworkUrl30":"http://is2.mzstatic.com/image/thumb/Video/v4/e9/3c/3e/e93c3e37-c92a-8d4b-c81b-e081c0b657bb/source/30x30bb.jpg", "artworkUrl60":"http://is2.mzstatic.com/image/thumb/Video/v4/e9/3c/3e/e93c3e37-c92a-8d4b-c81b-e081c0b657bb/source/60x60bb.jpg", "artworkUrl100":"http://is2.mzstatic.com/image/thumb/Video/v4/e9/3c/3e/e93c3e37-c92a-8d4b-c81b-e081c0b657bb/source/100x100bb.jpg", "collectionPrice":1.99, "trackPrice":1.99, "releaseDate":"2012-11-09T08:00:00Z", "collectionExplicitness":"notExplicit", "trackExplicitness":"notExplicit", "trackTimeMillis":157090, "country":"USA", "currency":"USD", "primaryGenreName":"Christian & Gospel"}, 
{"wrapperType":"track", "kind":"music-video", "artistId":300008602, "collectionId":505356291, "trackId":505356349, "artistName":"Jack Holiday & Mike Candys", "collectionName":"Children (Deluxe Video Edition) [Remixes] - EP", "trackName":"Children", "collectionCensoredName":"Children (Deluxe Video Edition) [Remixes] - EP", "trackCensoredName":"Children", "artistViewUrl":"https://itunes.apple.com/us/artist/jack-holiday/id300008602?uo=4", "collectionViewUrl":"https://itunes.apple.com/us/music-video/children/id505356349?uo=4", "trackViewUrl":"https://itunes.apple.com/us/music-video/children/id505356349?uo=4", "previewUrl":"http://a1494.phobos.apple.com/us/r1000/109/Video/04/51/1f/mzi.dspecotm..640x360.h264lc.u.p.m4v", "artworkUrl30":"http://is5.mzstatic.com/image/thumb/Video/v4/c9/5c/26/c95c268d-c334-100c-5625-dd839a7aa3ea/source/30x30bb.jpg", "artworkUrl60":"http://is5.mzstatic.com/image/thumb/Video/v4/c9/5c/26/c95c268d-c334-100c-5625-dd839a7aa3ea/source/60x60bb.jpg", "artworkUrl100":"http://is5.mzstatic.com/image/thumb/Video/v4/c9/5c/26/c95c268d-c334-100c-5625-dd839a7aa3ea/source/100x100bb.jpg", "collectionPrice":4.99, "trackPrice":1.49, "releaseDate":"2012-02-24T08:00:00Z", "collectionExplicitness":"notExplicit", "trackExplicitness":"notExplicit", "discCount":1, "discNumber":1, "trackCount":7, "trackNumber":7, "trackTimeMillis":151760, "country":"USA", "currency":"USD", "primaryGenreName":"Dance"}, 
{"wrapperType":"track", "kind":"music-video", "artistId":412047193, "trackId":925472942, "artistName":"Chase Rice", "trackName":"Jack Daniels & Jesus", "trackCensoredName":"Jack Daniels & Jesus", "artistViewUrl":"https://itunes.apple.com/us/artist/chase-rice/id412047193?uo=4", "trackViewUrl":"https://itunes.apple.com/us/music-video/jack-daniels-jesus/id925472942?uo=4", "previewUrl":"http://a264.phobos.apple.com/us/r1000/052/Video1/v4/e1/48/62/e148624f-6b3a-2985-37c4-a6ea00395eb4/mzvf_4485676303267745936.640x480.h264lc.U.p.m4v", "artworkUrl30":"http://is4.mzstatic.com/image/thumb/Video3/v4/b6/64/b2/b664b2f9-5f16-71ce-4918-718605d30715/source/30x30bb.jpg", "artworkUrl60":"http://is4.mzstatic.com/image/thumb/Video3/v4/b6/64/b2/b664b2f9-5f16-71ce-4918-718605d30715/source/60x60bb.jpg", "artworkUrl100":"http://is4.mzstatic.com/image/thumb/Video3/v4/b6/64/b2/b664b2f9-5f16-71ce-4918-718605d30715/source/100x100bb.jpg", "collectionPrice":1.99, "trackPrice":1.99, "releaseDate":"2014-09-24T07:00:00Z", "collectionExplicitness":"notExplicit", "trackExplicitness":"notExplicit", "trackTimeMillis":234982, "country":"USA", "currency":"USD", "primaryGenreName":"Country"}, 
{"wrapperType":"track", "kind":"music-video", "artistId":110951238, "trackId":727382944, "artistName":"Danger Mouse & Daniele Luppi", "trackName":"Two Against One (feat. Jack White)", "trackCensoredName":"Two Against One (feat. Jack White)", "artistViewUrl":"https://itunes.apple.com/us/artist/danger-mouse/id110951238?uo=4", "trackViewUrl":"https://itunes.apple.com/us/music-video/two-against-one-feat.-jack/id727382944?uo=4", "previewUrl":"http://a1151.phobos.apple.com/us/r1000/041/Video/77/82/ca/mzm.grqvaqyb..640x480.h264lc.u.p.m4v", "artworkUrl30":"http://is4.mzstatic.com/image/thumb/Video/v4/e0/63/ca/e063cadd-50ae-9579-9799-9b723a017861/source/30x30bb.jpg", "artworkUrl60":"http://is4.mzstatic.com/image/thumb/Video/v4/e0/63/ca/e063cadd-50ae-9579-9799-9b723a017861/source/60x60bb.jpg", "artworkUrl100":"http://is4.mzstatic.com/image/thumb/Video/v4/e0/63/ca/e063cadd-50ae-9579-9799-9b723a017861/source/100x100bb.jpg", "collectionPrice":1.99, "trackPrice":1.99, "releaseDate":"2012-01-09T08:00:00Z", "collectionExplicitness":"notExplicit", "trackExplicitness":"notExplicit", "trackTimeMillis":141292, "country":"USA", "currency":"USD", "primaryGenreName":"Rock"}, 
{"wrapperType":"track", "kind":"music-video", "artistId":300008602, "trackId":385115804, "artistName":"Jack Holiday & Mike Candys", "trackName":"Insomnia", "trackCensoredName":"Insomnia", "artistViewUrl":"https://itunes.apple.com/us/artist/jack-holiday/id300008602?uo=4", "trackViewUrl":"https://itunes.apple.com/us/music-video/insomnia/id385115804?uo=4", "previewUrl":"http://a1507.phobos.apple.com/us/r1000/024/Video/9b/82/0e/mzm.vzzxgcdb..640x352.h264lc.u.p.m4v", "artworkUrl30":"http://is1.mzstatic.com/image/thumb/Video/v4/f1/70/e2/f170e22a-03d4-c79f-81f2-2da262bb628f/source/30x30bb.jpg", "artworkUrl60":"http://is1.mzstatic.com/image/thumb/Video/v4/f1/70/e2/f170e22a-03d4-c79f-81f2-2da262bb628f/source/60x60bb.jpg", "artworkUrl100":"http://is1.mzstatic.com/image/thumb/Video/v4/f1/70/e2/f170e22a-03d4-c79f-81f2-2da262bb628f/source/100x100bb.jpg", "collectionPrice":1.49, "trackPrice":1.49, "releaseDate":"2010-06-22T07:00:00Z", "collectionExplicitness":"notExplicit", "trackExplicitness":"notExplicit", "trackTimeMillis":167898, "country":"USA", "currency":"USD", "primaryGenreName":"Dance"}, 
{"wrapperType":"track", "kind":"music-video", "artistId":629428, "trackId":719627242, "artistName":"Bill & Gloria Gaither", "trackName":"Happy Rhythm (feat. Statesmen Quartet, Ivan Parker, Jake Hess, Jack Toney, Hovie Lister and Doug Young) [Live]", "trackCensoredName":"Happy Rhythm (feat. Statesmen Quartet, Ivan Parker, Jake Hess, Jack Toney, Hovie Lister and Doug Young) [Live]", "artistViewUrl":"https://itunes.apple.com/us/artist/bill-gloria-gaither/id629428?uo=4", "trackViewUrl":"https://itunes.apple.com/us/music-video/happy-rhythm-feat.-statesmen/id719627242?uo=4", "previewUrl":"http://a1801.phobos.apple.com/us/r30/Video1/v4/a4/ae/49/a4ae492a-33f1-8993-991f-a496805d8184/mzvf_8916655176111688036.640x480.h264lc.U.p.m4v", "artworkUrl30":"http://is3.mzstatic.com/image/thumb/Video/v4/89/74/ad/8974ad0f-9404-5794-a0fe-b7647a68e9bd/source/30x30bb.jpg", "artworkUrl60":"http://is3.mzstatic.com/image/thumb/Video/v4/89/74/ad/8974ad0f-9404-5794-a0fe-b7647a68e9bd/source/60x60bb.jpg", "artworkUrl100":"http://is3.mzstatic.com/image/thumb/Video/v4/89/74/ad/8974ad0f-9404-5794-a0fe-b7647a68e9bd/source/100x100bb.jpg", "collectionPrice":1.99, "trackPrice":1.99, "releaseDate":"2012-11-16T08:00:00Z", "collectionExplicitness":"notExplicit", "trackExplicitness":"notExplicit", "trackTimeMillis":186853, "country":"USA", "currency":"USD", "primaryGenreName":"Christian & Gospel"}, 
{"wrapperType":"track", "kind":"music-video", "artistId":629428, "trackId":719633649, "artistName":"Bill & Gloria Gaither", "trackName":"Your First Day in Heaven (feat. Jack Toney, Jim Hill, Jake Hess, James Blackwood, Robbie Hiner, J.D. Sumner and George Younce) [Live]", "trackCensoredName":"Your First Day in Heaven (feat. Jack Toney, Jim Hill, Jake Hess, James Blackwood, Robbie Hiner, J.D. Sumner and George Younce) [Live]", "artistViewUrl":"https://itunes.apple.com/us/artist/bill-gloria-gaither/id629428?uo=4", "trackViewUrl":"https://itunes.apple.com/us/music-video/your-first-day-in-heaven-feat./id719633649?uo=4", "previewUrl":"http://a822.phobos.apple.com/us/r30/Video7/v4/7b/75/dd/7b75dd29-567b-4f27-9a84-7ce45eebd702/mzvf_8253209792160595689.640x480.h264lc.U.p.m4v", "artworkUrl30":"http://is3.mzstatic.com/image/thumb/Video/v4/7d/46/7b/7d467b90-a315-a95e-030d-8bc8dee941ca/source/30x30bb.jpg", "artworkUrl60":"http://is3.mzstatic.com/image/thumb/Video/v4/7d/46/7b/7d467b90-a315-a95e-030d-8bc8dee941ca/source/60x60bb.jpg", "artworkUrl100":"http://is3.mzstatic.com/image/thumb/Video/v4/7d/46/7b/7d467b90-a315-a95e-030d-8bc8dee941ca/source/100x100bb.jpg", "collectionPrice":1.99, "trackPrice":1.99, "releaseDate":"2012-11-16T08:00:00Z", "collectionExplicitness":"notExplicit", "trackExplicitness":"notExplicit", "trackTimeMillis":95695, "country":"USA", "currency":"USD", "primaryGenreName":"Christian & Gospel"}, 
{"wrapperType":"track", "kind":"music-video", "artistId":39481, "trackId":720094541, "artistName":"Kim Richey", "trackName":"Jack and Jill", "trackCensoredName":"Jack and Jill", "artistViewUrl":"https://itunes.apple.com/us/artist/kim-richey/id39481?uo=4", "trackViewUrl":"https://itunes.apple.com/us/music-video/jack-and-jill/id720094541?uo=4", "previewUrl":"http://a1870.phobos.apple.com/us/r30/Video/1b/a7/35/mzi.pbqazmqr..640x368.h264lc.u.p.m4v", "artworkUrl30":"http://is4.mzstatic.com/image/thumb/Video/v4/08/b6/65/08b66588-54ed-6909-0697-4756070ab1be/source/30x30bb.jpg", "artworkUrl60":"http://is4.mzstatic.com/image/thumb/Video/v4/08/b6/65/08b66588-54ed-6909-0697-4756070ab1be/source/60x60bb.jpg", "artworkUrl100":"http://is4.mzstatic.com/image/thumb/Video/v4/08/b6/65/08b66588-54ed-6909-0697-4756070ab1be/source/100x100bb.jpg", "collectionPrice":1.99, "trackPrice":1.99, "releaseDate":"2009-02-17T08:00:00Z", "collectionExplicitness":"notExplicit", "trackExplicitness":"notExplicit", "trackTimeMillis":200198, "country":"USA", "currency":"USD", "primaryGenreName":"Pop"}, 
{"wrapperType":"track", "kind":"music-video", "artistId":295665535, "trackId":382075265, "artistName":"Red Hot Chilli Pipers", "trackName":"Jack and Barney's Chopsticks", "trackCensoredName":"Jack and Barney's Chopsticks", "artistViewUrl":"https://itunes.apple.com/us/artist/red-hot-chilli-pipers/id295665535?uo=4", "trackViewUrl":"https://itunes.apple.com/us/music-video/jack-and-barneys-chopsticks/id382075265?uo=4", "previewUrl":"http://a1771.phobos.apple.com/us/r30/Video/a5/40/19/mzm.sgxrnssb..640x360.h264lc.u.p.m4v", "artworkUrl30":"http://is2.mzstatic.com/image/thumb/Video7/v4/09/d4/4b/09d44b1e-5514-960e-4fc1-b19d7c8a1307/source/30x30bb.jpg", "artworkUrl60":"http://is2.mzstatic.com/image/thumb/Video7/v4/09/d4/4b/09d44b1e-5514-960e-4fc1-b19d7c8a1307/source/60x60bb.jpg", "artworkUrl100":"http://is2.mzstatic.com/image/thumb/Video7/v4/09/d4/4b/09d44b1e-5514-960e-4fc1-b19d7c8a1307/source/100x100bb.jpg", "collectionPrice":1.99, "trackPrice":1.99, "releaseDate":"2008-11-01T07:00:00Z", "collectionExplicitness":"notExplicit", "trackExplicitness":"notExplicit", "trackTimeMillis":221480, "country":"USA", "currency":"USD", "primaryGenreName":"World"}, 
{"wrapperType":"track", "kind":"music-video", "artistId":629428, "trackId":719649654, "artistName":"Bill & Gloria Gaither", "trackName":"Since Jesus Came Into My Heart (feat. Jim Hill, Jack Toney, Jimmy Blackwood and Dean Hopper) [Live]", "trackCensoredName":"Since Jesus Came Into My Heart (feat. Jim Hill, Jack Toney, Jimmy Blackwood and Dean Hopper) [Live]", "artistViewUrl":"https://itunes.apple.com/us/artist/bill-gloria-gaither/id629428?uo=4", "trackViewUrl":"https://itunes.apple.com/us/music-video/since-jesus-came-into-my-heart/id719649654?uo=4", "previewUrl":"http://a793.phobos.apple.com/us/r30/Video1/v4/64/50/8e/64508e54-9ccd-db4b-a71e-0ebc6e77905e/mzvf_6418048425526286425.640x480.h264lc.U.p.m4v", "artworkUrl30":"http://is2.mzstatic.com/image/thumb/Video/v4/45/be/7d/45be7d57-ddbd-eb70-fde1-667c0e42007f/source/30x30bb.jpg", "artworkUrl60":"http://is2.mzstatic.com/image/thumb/Video/v4/45/be/7d/45be7d57-ddbd-eb70-fde1-667c0e42007f/source/60x60bb.jpg", "artworkUrl100":"http://is2.mzstatic.com/image/thumb/Video/v4/45/be/7d/45be7d57-ddbd-eb70-fde1-667c0e42007f/source/100x100bb.jpg", "collectionPrice":1.99, "trackPrice":1.99, "releaseDate":"2012-10-26T07:00:00Z", "collectionExplicitness":"notExplicit", "trackExplicitness":"notExplicit", "trackTimeMillis":168902, "country":"USA", "currency":"USD", "primaryGenreName":"Christian & Gospel"}, 
{"wrapperType":"track", "kind":"music-video", "artistId":629428, "trackId":720028400, "artistName":"Bill & Gloria Gaither", "trackName":"We'll Understand It Better By and By (feat. Candy Hemphill Christmas and Jack Toney) [Live]", "trackCensoredName":"We'll Understand It Better By and By (feat. Candy Hemphill Christmas and Jack Toney) [Live]", "artistViewUrl":"https://itunes.apple.com/us/artist/bill-gloria-gaither/id629428?uo=4", "trackViewUrl":"https://itunes.apple.com/us/music-video/well-understand-it-better/id720028400?uo=4", "previewUrl":"http://a1937.phobos.apple.com/us/r30/Video7/v4/67/14/9e/67149edd-cae3-90c4-e37b-fd90d846f353/mzvf_2357735874536032953.640x480.h264lc.U.p.m4v", "artworkUrl30":"http://is2.mzstatic.com/image/thumb/Video/v4/de/c1/b9/dec1b976-6a18-d9a7-a385-e4e36b0b43f4/source/30x30bb.jpg", "artworkUrl60":"http://is2.mzstatic.com/image/thumb/Video/v4/de/c1/b9/dec1b976-6a18-d9a7-a385-e4e36b0b43f4/source/60x60bb.jpg", "artworkUrl100":"http://is2.mzstatic.com/image/thumb/Video/v4/de/c1/b9/dec1b976-6a18-d9a7-a385-e4e36b0b43f4/source/100x100bb.jpg", "collectionPrice":1.99, "trackPrice":1.99, "releaseDate":"2012-11-16T08:00:00Z", "collectionExplicitness":"notExplicit", "trackExplicitness":"notExplicit", "trackTimeMillis":166398, "country":"USA", "currency":"USD", "primaryGenreName":"Christian & Gospel"}]
}


