{
  "bands": [
    {
      "name": "Morphine",
      "city": "Boston",
      "country": "USA",
      "yearFormed": "1990",
      "genres": [
        "Alternative rock",
        "experimental rock",
        "jazz rock"
      ],
      "id": 2
    },
    {
      "name": "Vitamin String Quartet ",
      "city": "Los Angeles",
      "country": "USA",
      "yearFormed": "1999",
      "genres": [
        "Rock",
        "Pop",
        "Instrumental"
      ],
      "id": 3
    },
    {
      "name": "Slipknot",
      "city": "Des Moines, IA",
      "country": "USA",
      "yearFormed": "1995",
      "genres": [
        "Heavy Metal",
        "Nu Metal"
      ],
      "id": 4
    },
    {
      "name": "Sublime",
      "city": "Long Beach, CA",
      "country": "USA",
      "yearFormed": "1988",
      "genres": [
        "Punk",
        "Ska",
        "Reggae-rock"
      ],
      "id": 5
    },
    {
      "name": "Portishead",
      "city": "Bristol",
      "country": "UK",
      "yearFormed": "1991",
      "genres": [
        "Trip Hop",
        "Experimental Rock",
        "Downtempo"
      ],
      "id": 7
    },
    {
      "name": "Rolling Stones",
      "city": "London",
      "country": "UK",
      "yearFormed": "1962",
      "genres": [
        "Rock",
        "Blues"
      ],
      "id": 8
    }
  ]
}